name,ranking
Architect,2
Asset Management,
Billing Engineer | Billing and Documentation,
BIM (Building Information modeling) Related Job Profiles | BIM Coordinator,
Bridge Engineer,
Budgeting,
Building Inspector,
Business Development,2
CAD Modeler,
CAD Technician,
Civil 3D Engineer,
Civil Engineer,
Commercial Manager,1
Construction Assistant (Construction Project Assistant),
Construction Coordinator,3
Construction Engineer,
Construction Expeditor,
Construction Finance Manager,
Construction Foreman,
Construction Manager,
Construction Project Manager,
Construction Superintendent,
Construction Supervisor,
Contract Administrator,2
Contracts Engineer,
Contracts Manager,3
Crane Operator,
CSA Engineer (Civil,
Design Engineer/Design Consultant/Design Coordination,
Document Controller,
Electrical Engineer,2
Electrician,
Engineer,1
Engineering Design,
Equipment Operator,
Estimation Engineer,
Estimator,3
Executive Assistant,2
Facade Engineer,
Field Engineer,
Finance Analyst,
Finishing Masonry,
Foreman,
Formworks,
General Contractor,1
Geo technologist,
Heavy Equipment Operator,
Highway Engineer,
HSEM – Health Safety and Environment Management,
HVAC Engineer/Technician,
Infra Project Management,
Inspector,3
Interior Designer,
Land Surveyor,
LEED Auditor – construction job titles and descriptions,
Machinery & Equipment,
Marketing,
Mason,
Master Plumber,
Mechanical Engineer,2
MEP Engineer,1
Mining Engineer,
Operation and Strategy,
Pipe Fitter,
Piping Engineer,
Planner,
Planning Engineer,
Plant & Equipment,
Plumber,
Private Equity,
Procurement,4
Procurement Manager,
Project Appraisal Engineer,
Project Assistant ,3
Project Controls Engineer,
Project Engineer,2
Project Evaluation,
Project Execution,
Project Financing,
Project Manager,1
Project Monitoring,
Project Scheduler,
Property Manager,3
Purchase Engineer,
Purchasing,
Purchasing Coordinator,
QA/QC Engineer,
Quality Assurance,2
Quality Control ,
Quantity Surveyor,
Real Estate Advisor,
Real Estate Analyst,
Real Estate Asset Manager,
Real Estate Consultant,
Real Estate Pre-sales/Sales/Raltihinship Manager,
Revit Modeler ,
Risk Advisory,
Rolling Stock Engineer,
Safety Director,4
Safety Manager,
Sales /Business Development/ Marketing,
Sales Engineer,
Scaffolding,
Scheduler,
Signal and Transmission (S&T) Engineer,
Signal Worker,
Site Engineer / Site Manager,
Site Manager,2
Site Reliability Engineer,
Site Supervisor ,
Store Executive / Store In-charge,
Store Keeper,
Strategic Consulting Manager,
Structural Detailer,
Structural Engineer,
Superintendent,1
Supervisor,
Supply chain / Purchase / Inventory,
Supply Chain Manager,
Sustainability Consultant,
System Engineer,3
Tendering ,
Transport Planning,
Transportation Engineer,
Urban Planner,
Valuation Consultant/Valuation Advisor,
Welder,
Workplace Experience Manager,
